<?xml version="1.0" encoding="utf-8" standalone="yes"?>
<rss version="2.0" xmlns:atom="http://www.w3.org/2005/Atom" xmlns:content="http://purl.org/rss/1.0/modules/content/">
  <channel>
    <title>Tags on PaperMod</title>
    <link>https://adityatelange.github.io/hugo-PaperMod/tags/</link>
    <description>Recent content in Tags on PaperMod</description>
    <image>
      <url>https://adityatelange.github.io/hugo-PaperMod/papermod-cover.png</url>
      <link>https://adityatelange.github.io/hugo-PaperMod/papermod-cover.png</link>
    </image>
    <generator>Hugo -- gohugo.io</generator>
    <lastBuildDate>Wed, 20 Jan 2021 00:00:00 +0000</lastBuildDate><atom:link href="https://adityatelange.github.io/hugo-PaperMod/tags/index.xml" rel="self" type="application/rss+xml" />
    <item>
      <title>PaperMod</title>
      <link>https://adityatelange.github.io/hugo-PaperMod/tags/papermod/</link>
      <pubDate>Wed, 20 Jan 2021 00:00:00 +0000</pubDate>
      
      <guid>https://adityatelange.github.io/hugo-PaperMod/tags/papermod/</guid>
      <description></description>
    </item>
    
  </channel>
</rss>
