<?xml version="1.0" encoding="utf-8" standalone="yes"?>
<rss version="2.0" xmlns:atom="http://www.w3.org/2005/Atom" xmlns:content="http://purl.org/rss/1.0/modules/content/">
  <channel>
    <title>Categories on PaperMod RTL</title>
    <link>https://adityatelange.github.io/hugo-PaperMod/fa/categories/</link>
    <description>Recent content in Categories on PaperMod RTL</description>
    <image>
      <url>https://adityatelange.github.io/hugo-PaperMod/papermod-cover.png</url>
      <link>https://adityatelange.github.io/hugo-PaperMod/papermod-cover.png</link>
    </image>
    <generator>Hugo -- gohugo.io</generator><atom:link href="https://adityatelange.github.io/hugo-PaperMod/fa/categories/index.xml" rel="self" type="application/rss+xml" />
  </channel>
</rss>
